Name,Website,Email,Expertise,Years_of_Experience,Students_Mentored,Successful_Places,about
Krish Naik,https://krishnaik.com,krishnaik@example.com,Development,19,104,179,Krish Naik  a seasoned software engineer with 14 years of experience  has mentored over 345 students  helping 120 secure placements. His expertise in development  automation tools  and AI-powered systems has helped transform businesses. Krish is known for his ability to explain complex topics with simplicity  empowering students to excel.
Raj Vikramaditya,https://rajvikramaditya.com,rajvikramaditya@example.com,Machine Learning,15,471,104,Raj Vikramaditya has over 22 years of experience in machine learning and data science  mentoring over 420 students  with 180 achieving successful placements. Raj’s notable work includes predictive analytics systems and real-time data models. His contributions to the data science field have had a transformative impact on various industries.
John Doe,https://johndoe.com,johndoe@example.com,Blockchain,26,449,152,John Doe  a Data Science expert with 15 years of experience  has guided over 312 students  with 150 achieving placements. His groundbreaking work in predictive models and machine learning has provided industries with valuable insights. John has an established reputation for developing highly effective algorithms that solve real-world challenges.
Jane Smith,https://janesmith.com,janesmith@example.com,Data Science,7,372,118,Jane Smith  a blockchain expert with 20 years of experience  has mentored 258 students  with 110 securing placements. She has been instrumental in developing decentralized applications (dApps) and blockchain-based financial systems. Jane’s innovative projects in blockchain technology have significantly improved data security for enterprises.
Anuj Yadav,https://anujyadav.com,anujyadav@example.com,Artificial Intelligence,10,463,98,Anuj Yadav brings 17 years of experience in Java development and has mentored 388 students  with 135 successful placements. Anuj’s contributions include the development of efficient frameworks for backend systems  enhancing scalability and performance. His deep knowledge of Java has made him a sought-after mentor.
Sara Lee,https://saralee.com,saralee@example.com,Java,18,207,170,Sara Lee  a web development expert with 11 years of experience  has mentored over 291 students  achieving 130 placements. She has created user-friendly  responsive web platforms and is recognized for her projects in e-commerce and educational platforms. Sara’s passion for full-stack development continues to inspire students.
David Turner,https://davidturner.com,davidturner@example.com,Web Development,21,284,89,David Turner is a highly skilled AI expert with 18 years of experience  having mentored over 456 students. David’s work on natural language processing (NLP) and computer vision has revolutionized industries like healthcare  with AI applications used for diagnostics and automation. His leadership in AI development is well recognized.
Priya Sharma,https://priyasharma.com,priyasharma@example.com,Python,26,343,141,Priya Sharma  a Python programming expert with 13 years of experience  has mentored over 350 students and achieved 120 successful placements. Her contributions include open-source libraries and machine learning models that have greatly advanced data science applications. Priya’s leadership in the Python community is widely acknowledged.
Vikash Kumar,https://vikashkumar.com,vikashkumar@example.com,Deep Learning,17,303,108,Vikash Kumar has 16 years of experience in machine learning and has mentored 400 students  securing 160 placements. His work on predictive modeling and big data analytics has transformed business intelligence in several sectors. Vikash is also a passionate advocate for the application of ML in healthcare.
Ravi Patel,https://ravipatel.com,ravipatel@example.com,Data Analytics,10,208,146,Ravi Patel  an expert in data analytics with 25 years of experience  has mentored over 500 students. Ravi’s work on data visualization and business intelligence tools has helped countless companies make data-driven decisions. His contributions have significantly improved decision-making across a wide range of industries.
Ishaan Joshi,https://ishaanjoshi.com,ishaanjoshi@example.com,Cloud Computing,17,453,123,Ishaan Joshi  a deep learning expert with 10 years of experience  has mentored 250 students  with 95 successful placements. His pioneering projects in neural networks and computer vision are widely used in automation systems. Ishaan is known for his advanced work in image recognition and AI-powered automation.
Aditi Gupta,https://aditigupta.com,aditigupta@example.com,Game Development,25,489,185,Aditi Gupta  with 21 years of experience in cloud computing  has mentored 470 students and helped 170 secure placements. Aditi has worked on cloud-based infrastructure management tools and security solutions. Her contributions in cloud security have been instrumental in ensuring the safe deployment of enterprise systems.
Manish Dubey,https://manishdubey.com,manishdubey@example.com,Cyber Security,15,201,111,Manish Dubey  a web development expert with 19 years of experience  has mentored 380 students  with 145 placements. Manish’s work focuses on building high-performance applications  particularly in the education and e-commerce sectors. His contributions have improved user experience and streamlined business operations.
Alok Gupta,https://alokgupta.com,alokgupta@example.com,Mobile Development,26,121,173,Alok Gupta  a cybersecurity expert with 28 years of experience  has mentored 520 students  achieving 190 placements. Alok is renowned for his work on network security protocols and encryption techniques  which have enhanced the protection of sensitive data for various organizations.
Arun Verma,https://arunverma.com,arunverma@example.com,Robotics,25,328,69,Arun Verma  a DevOps expert with 14 years of experience  has mentored 300 students and helped 120 secure placements. Arun has streamlined continuous integration/continuous deployment (CI/CD) processes  improving development efficiency. His work has optimized software delivery pipelines  making development faster and more reliable.
Nisha Patel,https://nishapatel.com,nishapatel@example.com,DevOps,14,102,105,Nisha Patel has 12 years of experience in software engineering  mentoring 275 students with 110 placements. Nisha has developed scalable backend services for financial applications and improved system efficiency across various sectors. Her contributions in systems design have helped businesses manage large-scale applications.
Sanjay Singh,https://sanjaysingh.com,sanjaysingh@example.com,UX/UI Design,20,183,57,Sanjay Singh  a networking expert with 22 years of experience  has mentored 480 students  with 170 securing jobs. Sanjay has developed advanced networking solutions that optimize connectivity and performance. His research in network security continues to drive improvements in enterprise network infrastructure.
Ravi Sharma,https://ravisharma.com,ravisharma@example.com,Software Engineering,29,368,153,Ravi Sharma  a digital marketing expert with 24 years of experience  has mentored 500 students  leading to 190 placements. Ravi’s work on marketing automation and customer engagement strategies has helped businesses achieve growth through personalized digital marketing campaigns.
Reena Mehta,https://reenamehta.com,reenamehta@example.com,Networking,20,436,88,Reena Mehta  an IoT expert with 16 years of experience  has mentored 390 students and placed 140. Reena has led projects to create smart home systems and industrial IoT solutions  significantly improving operational efficiency and sustainability across industries.
Pradeep Kumar,https://pradeepkumar.com,pradeepkumar@example.com,Digital Marketing,19,114,177,Pradeep Kumar  an ethical hacking expert with 14 years of experience  has mentored 340 students  securing 150 placements. His work on penetration testing and security frameworks has enhanced online protection for organizations. Pradeep’s contributions have been instrumental in strengthening cybersecurity defenses worldwide.
Aakash Soni,https://aakashsoni.com,aakashsoni@example.com,Ethical Hacking,26,392,187,Aakash Soni  a business intelligence expert with 12 years of experience  has mentored 265 students and helped 100 secure placements. Aakash has created data visualization tools that empower businesses to make informed decisions. His focus on predictive analytics continues to drive success for businesses in various sectors.
Anjali Gupta,https://anjaligupta.com,anjaligupta@example.com,IoT,14,244,167,Anjali Gupta  a data engineering expert with 13 years of experience  has mentored 300 students  securing 130 placements. Anjali’s work includes developing scalable data pipelines and automation tools that enhance data processing efficiency. Her contributions have improved data management across numerous industries.
Yash Dubey,https://yashdubey.com,yashdubey@example.com,Finance,18,121,151,Yash Dubey  a database management expert with 15 years of experience  has mentored 350 students and secured 140 placements. Yash’s work in database optimization and query performance has made substantial improvements in data processing and retrieval  especially in large-scale applications.
Arun Chauhan,https://arunchauhan.com,arunchauhan@example.com,Project Management,10,411,80,Arun Chauhan  an SQL expert with 11 years of experience  has mentored 200 students and helped 90 secure jobs. Arun has contributed to developing advanced SQL scripts and query optimization techniques  enhancing the performance of enterprise-level data systems.
Suresh Verma,https://sureshverma.com,sureshverma@example.com,Agile,24,183,179,Suresh Verma  a JavaScript expert with 18 years of experience  has mentored 400 students  achieving 160 successful placements. Suresh’s work on front-end frameworks and interactive web applications has improved user experience across industries. He is known for developing high-performance websites and web apps.
Divya Reddy,https://divyareddy.com,divyareddy@example.com,React,12,303,153,Divya Reddy  an RPA expert with 20 years of experience  has mentored 450 students and placed 180. Divya’s work on automation solutions has transformed business operations  reducing errors and improving efficiency across various sectors. She is a pioneer in creating scalable RPA frameworks.
Rohit Sharma,https://rohitsharma.com,rohitsharma@example.com,AWS,23,455,106,Rohit Sharma  a SaaS expert with 25 years of experience  has mentored 500 students  achieving 200 placements. Rohit’s expertise in creating cloud-based solutions for businesses has helped organizations scale operations and optimize workflows. His contributions to SaaS applications continue to drive business innovation.
Kavita Singh,https://kavitasingh.com,kavitasingh@example.com,Django,15,161,73,Kavita Singh  an Agile expert with 19 years of experience  has mentored 370 students  with 145 securing placements. Kavita’s work on implementing Scrum and Kanban frameworks has led to improved project efficiency and faster delivery timelines in multiple industries.
Shivendra Yadav,https://shivendrayadav.com,shivendrayadav@example.com,Node.js,17,283,118,Shivendra Yadav  a VueJS expert with 14 years of experience  has mentored 320 students  with 130 securing placements. Shivendra has developed highly interactive and dynamic applications using VueJS  with projects focusing on user experience and performance optimization for businesses.
Simran Mehta,https://simranmehta.com,simranmehta@example.com,Full Stack Development,15,432,174,Simran Mehta  a Flutter expert with 13 years of experience  has mentored 310 students and placed 125. Simran’s work in developing mobile applications using Flutter has gained attention for its efficiency and ease of use. She’s passionate about delivering seamless experiences to mobile users.
Kunal Gupta,https://kunalgupta.com,kunalgupta@example.com,Automation,27,409,94,Kunal Gupta  a full-stack development expert with 22 years of experience  has mentored 460 students  achieving 180 successful placements. Kunal has worked on large-scale applications and is known for his expertise in both front-end and back-end technologies  ensuring dynamic and scalable systems.
Manju Thakur,https://manjuthakur.com,manjuthakur@example.com,Business Intelligence,26,439,99,Manju Thakur  a Python expert with 17 years of experience  has mentored 380 students  with 150 securing jobs. Manju’s contributions to data automation and machine learning have helped businesses optimize processes and leverage data for decision-making.
Nitin Kumar,https://nitinkumar.com,nitinkumar@example.com,Database Management,28,293,173,Nitin Kumar  a React expert with 15 years of experience  has mentored 350 students and secured 140 placements. Nitin’s expertise in developing responsive and interactive web applications using React has set a high standard in the front-end development community.
Pooja Rani,https://poojarani.com,poojarani@example.com,SQL,15,329,197,Pooja Rani  a Django expert with 11 years of experience  has mentored 220 students  achieving 90 successful placements. Pooja is recognized for her work on building scalable back-end systems and optimizing database management for e-commerce platforms.
Sushil Kumar,https://sushilkumar.com,sushilkumar@example.com,JavaScript,8,108,77,Sushil Kumar  a Node.js expert with 20 years of experience  has mentored 450 students  achieving 170 placements. Sushil has worked on numerous backend solutions using Node.js  particularly for high-traffic platforms and real-time applications. His contributions to scalable systems design have had a significant impact on the industry.
Deepak Rao,https://deepakrao.com,deepakrao@example.com,RPA,23,402,76,Deepak Rao  a machine learning expert with 12 years of experience  has mentored 280 students  with 120 securing placements. Deepak is known for his contributions to reinforcement learning algorithms and their real-world applications in gaming and robotics.
Neha Shukla,https://nehashukla.com,nehashukla@example.com,SaaS,13,397,84,Neha Shukla  a data science mentor with 13 years of experience  has mentored over 330 students  with 140 achieving successful placements. Her work in natural language processing and time series analysis has been integral to improving automation processes in multiple industries.
Vishal Agarwal,https://vishalagarwal.com,vishalagarwal@example.com,Data Engineering,14,172,111,Vishal Agarwal  an AI and ML expert with 14 years of experience  has mentored 290 students and secured 120 placements. Vishal is known for his research in deep learning and his development of AI systems that enhance product recommendations in e-commerce.
Aman Sharma,https://amansharma.com,amansharma@example.com,MERN Stack,15,399,120,Aman Sharma  a cybersecurity expert with 15 years of experience  has mentored over 320 students. Aman’s work in data encryption and network security has made him a thought leader in securing digital platforms.
Pankaj Singh,https://pankajsingh.com,pankajsingh@example.com,C++,15,225,67,Pankaj Singh  an IoT expert with 17 years of experience  has mentored 340 students and placed 130. His work in creating intelligent systems and smart devices has revolutionized industries like healthcare and transportation.
Bhavesh Patel,https://bhaveshpatel.com,bhaveshpatel@example.com,Scala,20,457,151,Bhavesh Patel  an expert in cloud architecture with 19 years of experience  has mentored 360 students and achieved 140 placements. Bhavesh has worked on several large-scale cloud implementations  helping organizations optimize resource usage and scale efficiently.
Avi Sharma,https://avisharma.com,avisharma@example.com,Ruby,26,288,134,Avi Sharma  a full-stack development mentor with 21 years of experience  has mentored 380 students and helped 150 secure placements. Avi’s focus on creating responsive and secure web applications has improved the overall user experience across several platforms.
Ritu Singh,https://ritusingh.com,ritusingh@example.com,Angular,18,292,168,Ritu Singh  a data analytics expert with 22 years of experience  has mentored 400 students  securing 160 placements. Ritu has contributed to advanced analytics projects that have empowered organizations to make informed decisions with predictive analytics.
Harsh Gupta,https://harshgupta.com,harshgupta@example.com,Vue.js,22,146,54,Harsh Gupta  a software architect with 13 years of experience  has mentored 280 students  with 120 securing placements. Harsh has developed large-scale  distributed applications that support high availability and fault tolerance  particularly for mission-critical business systems.
Vishal Yadav,https://vishalyadav.com,vishalyadav@example.com,Big Data,8,328,158,Vishal Yadav  a deep learning expert with 14 years of experience  has mentored 350 students  securing 130 placements. Vishal’s work in computer vision and image processing has paved the way for advancements in autonomous systems.
Komal Sharma,https://komalsharma.com,komalsharma@example.com,Quantum Computing,6,371,76,Komal Sharma  an AI developer with 16 years of experience  has mentored 390 students  with 145 placements. Komal’s work in artificial intelligence for healthcare applications has improved diagnostic processes and helped in predicting patient outcomes.
Sushma Jain,https://sushma@educator.com,sushmajain@example.com,Mathematics,9,320,186,Sushma Jain  a Python expert with 12 years of experience  has mentored 310 students  with 120 securing jobs. Sushma’s contributions to automation and data processing have led to more efficient workflows across businesses.
Ankur Sharma,https://ankursharma.com,ankursharma@example.com,Game Design,29,104,123,Ankur Sharma  a database administrator with 18 years of experience  has mentored 350 students  securing 140 placements. Ankur’s expertise in database performance optimization and architecture design has helped businesses scale their data systems.
Tanuja Mehta,https://tanujamehta.com,tanujamehta@example.com,VueJS,17,398,191,Tanuja Mehta  a cloud computing expert with 14 years of experience  has mentored 300 students  with 130 placements. Tanuja’s contributions to cloud infrastructure management have enabled organizations to migrate to the cloud seamlessly  optimizing both cost and performance.
Gaurav Kumar,https://gauravkumar.com,gauravkumar@example.com,Flutter,8,124,145,Gaurav Kumar  a mobile app developer with 20 years of experience  has mentored 460 students and helped 200 secure placements. Gaurav’s work in creating mobile solutions that integrate with cloud services has driven the success of many businesses in the mobile ecosystem.
